"Date","Price","Open","High","Low","Vol.","Change %"
"May 01, 2019","9.00","9.04","9.04","9.00","2.37K","0.00%"
"Apr 30, 2019","9.00","8.86","9.07","8.58","11.52K","4.65%"
"Apr 29, 2019","8.60","8.56","8.60","8.56","0.59K","0.47%"
"Apr 26, 2019","8.56","8.59","8.80","8.55","14.65K","0.00%"
"Apr 25, 2019","8.56","8.60","8.93","8.56","2.88K","0.71%"
"Apr 24, 2019","8.50","8.32","8.99","8.32","2.62K","-7.41%"
"Apr 23, 2019","9.18","9.13","9.18","8.31","1.93K","11.14%"
"Apr 22, 2019","8.26","9.15","9.15","8.26","0.85K","0.00%"
"Apr 18, 2019","8.26","8.30","8.31","8.26","2.58K","-0.60%"
"Apr 17, 2019","8.31","9.25","9.25","8.25","32.62K","-0.95%"
"Apr 16, 2019","8.39","8.31","9.48","8.31","6.07K","-11.50%"
"Apr 15, 2019","9.48","8.30","9.48","8.30","0.76K","10.62%"
"Apr 12, 2019","8.57","10.44","10.44","8.56","7.10K","0.23%"
"Apr 11, 2019","8.55","8.50","8.60","8.50","6.20K","-0.47%"
"Apr 10, 2019","8.59","8.55","8.59","8.55","0.63K","1.06%"
"Apr 09, 2019","8.50","8.81","8.81","8.34","49.74K","-3.74%"
"Apr 08, 2019","8.83","8.80","9.00","8.40","43.61K","-1.89%"
"Apr 05, 2019","9.00","8.47","9.00","8.30","22.81K","5.51%"
"Apr 04, 2019","8.53","8.46","8.53","8.46","18.20K","0.12%"
"Apr 03, 2019","8.52","8.60","9.50","8.50","16.90K","0.71%"
"Apr 02, 2019","8.46","8.50","8.51","8.46","7.05K","1.93%"
"Apr 01, 2019","8.30","9.75","9.75","8.25","6.86K","-14.87%"
"Mar 29, 2019","9.75","9.75","9.75","9.75","-","-2.79%"
"Mar 28, 2019","10.03","10.02","10.03","10.02","1.42K","0.20%"
"Mar 27, 2019","10.01","10.02","10.02","10.01","1.46K","0.00%"
"Mar 26, 2019","10.01","10.00","10.62","10.00","2.70K","0.20%"
"Mar 25, 2019","9.99","10.03","10.47","9.97","4.18K","0.30%"
"Mar 22, 2019","9.96","10.46","10.46","9.95","0.76K","-1.39%"
"Mar 21, 2019","10.10","10.00","11.00","10.00","2.96K","-8.18%"
"Mar 20, 2019","11.00","11.50","11.57","11.00","1.23K","-4.35%"
"Mar 19, 2019","11.50","11.50","11.50","11.50","-","-2.95%"
"Mar 18, 2019","11.85","11.85","11.85","11.85","-","-0.50%"
"Mar 15, 2019","11.91","11.91","11.91","11.91","-","0.00%"
"Mar 14, 2019","11.91","12.01","12.01","11.91","1.89K","-0.33%"
"Mar 13, 2019","11.95","12.75","12.88","11.91","8.07K","-6.27%"
"Mar 12, 2019","12.75","12.75","12.75","12.75","-","-2.67%"
"Mar 11, 2019","13.10","12.75","13.10","12.75","0.52K","-2.96%"
"Mar 08, 2019","13.50","12.58","13.50","12.55","1.10K","1.81%"
"Mar 07, 2019","13.26","12.06","13.26","12.06","4.75K","10.50%"
"Mar 06, 2019","12.00","12.35","12.35","12.00","2.22K","-2.91%"
"Mar 05, 2019","12.36","12.35","12.49","12.35","1.34K","-1.12%"
"Mar 04, 2019","12.50","12.35","13.51","12.35","2.09K","2.80%"
"Mar 01, 2019","12.16","13.60","14.30","12.16","1.36K","-10.59%"
"Feb 28, 2019","13.60","14.00","14.50","13.50","21.56K","0.74%"
"Feb 27, 2019","13.50","12.80","13.68","12.80","24.94K","6.97%"
"Feb 26, 2019","12.62","12.15","12.62","12.15","23.07K","0.96%"
"Feb 25, 2019","12.50","13.45","13.45","12.05","5.06K","-7.41%"
"Feb 22, 2019","13.50","14.22","14.22","13.45","1.87K","-0.74%"
"Feb 21, 2019","13.60","13.71","14.99","13.60","5.30K","-0.73%"
"Feb 20, 2019","13.70","13.50","15.00","13.50","3.77K","5.22%"
"Feb 19, 2019","13.02","19.02","19.02","13.02","0.46K","3.75%"
"Feb 15, 2019","12.55","12.53","12.55","12.53","0.82K","-17.54%"
"Feb 14, 2019","15.22","15.02","15.22","15.02","1.07K","1.40%"
"Feb 13, 2019","15.01","15.01","15.01","15.01","-","-22.03%"
"Feb 12, 2019","19.25","18.00","19.25","18.00","0.87K","10.00%"
"Feb 11, 2019","17.50","11.96","18.50","11.96","8.45K","-0.85%"
"Feb 08, 2019","17.65","18.50","19.00","14.75","3.01K","-1.94%"
"Feb 07, 2019","18.00","10.52","18.00","10.52","5.63K","0.00%"
"Feb 06, 2019","18.00","16.00","18.00","15.98","6.15K","43.43%"
"Feb 05, 2019","12.55","11.31","12.59","11.31","1.40K","3.98%"
"Feb 04, 2019","12.07","12.85","12.85","11.31","4.31K","-6.07%"
"Feb 01, 2019","12.85","12.74","13.05","12.58","3.71K","7.98%"
"Jan 31, 2019","11.90","15.50","15.50","11.55","1.61K","-30.00%"
"Jan 30, 2019","17.00","10.17","17.00","10.17","7.55K","51.92%"
"Jan 29, 2019","11.19","11.18","11.23","10.16","2.74K","1.73%"
"Jan 28, 2019","11.00","10.01","11.00","10.01","1.42K","9.89%"
"Jan 25, 2019","10.01","10.01","10.01","10.01","-","0.60%"
"Jan 24, 2019","9.95","10.66","10.66","9.62","3.88K","-6.22%"
"Jan 23, 2019","10.61","10.61","10.61","10.61","-","0.47%"
"Jan 22, 2019","10.56","10.56","10.56","10.56","-","-12.00%"
"Jan 18, 2019","12.00","10.51","22.00","10.51","7.27K","-45.33%"
"Jan 17, 2019","21.95","20.00","22.00","19.00","4.16K","46.33%"
"Jan 16, 2019","15.00","8.59","15.00","8.59","6.79K","55.76%"
"Jan 15, 2019","9.63","8.75","12.00","8.73","8.04K","-4.65%"
"Jan 14, 2019","10.10","8.55","10.10","8.55","5.83K","1.10%"
"Jan 11, 2019","9.99","7.88","11.47","7.88","19.26K","30.59%"
"Jan 10, 2019","7.65","7.65","7.65","7.65","-","0.00%"
"Jan 09, 2019","7.65","7.78","7.78","7.65","3.56K","-0.78%"
"Jan 08, 2019","7.71","7.51","7.90","7.51","1.32K","-2.41%"
"Jan 07, 2019","7.90","7.37","7.90","7.37","2.96K","0.64%"
"Jan 04, 2019","7.85","7.32","7.90","7.30","4.17K","11.19%"
"Jan 03, 2019","7.06","7.21","7.91","7.05","5.16K","-8.55%"
"Jan 02, 2019","7.72","7.20","7.85","7.20","2.27K","3.21%"
"Dec 31, 2018","7.48","7.20","7.48","7.20","6.22K","0.40%"
"Dec 28, 2018","7.45","7.65","7.65","7.30","22.41K","-1.97%"
"Dec 27, 2018","7.60","7.25","7.90","7.25","63.56K","5.41%"
"Dec 26, 2018","7.21","7.20","7.92","7.20","6.87K","-3.35%"
"Dec 24, 2018","7.46","7.26","8.20","7.26","5.11K","-4.60%"
"Dec 21, 2018","7.82","7.50","7.89","7.50","13.95K","2.36%"
"Dec 20, 2018","7.64","7.63","7.64","7.29","5.23K","-1.42%"
"Dec 19, 2018","7.75","7.50","7.79","7.50","18.52K","2.65%"
"Dec 18, 2018","7.55","7.96","7.97","7.01","18.17K","-1.95%"
"Dec 17, 2018","7.70","7.01","7.84","7.01","19.68K","2.67%"
"Dec 14, 2018","7.50","7.70","7.90","7.10","36.37K","-2.60%"
"Dec 13, 2018","7.70","7.40","7.91","7.40","49.45K","4.05%"
"Dec 12, 2018","7.40","7.52","7.79","7.40","47.51K","-3.90%"
"Dec 11, 2018","7.70","8.25","8.25","7.10","112.69K","-7.23%"
"Dec 10, 2018","8.30","8.25","8.80","8.25","15.02K","0.61%"
"Dec 07, 2018","8.25","8.00","8.53","8.00","44.85K","3.13%"
"Dec 06, 2018","8.00","8.54","8.54","8.00","16.06K","-6.32%"
"Dec 04, 2018","8.54","8.25","8.58","8.25","43.00K","6.75%"
"Dec 03, 2018","8.00","8.01","8.58","8.00","16.42K","-5.21%"
"Nov 30, 2018","8.44","8.00","8.51","8.00","37.89K","6.03%"
"Nov 29, 2018","7.96","8.00","8.46","7.96","20.12K","-5.24%"
"Nov 28, 2018","8.40","8.35","8.48","8.25","45.58K","-0.71%"
"Nov 27, 2018","8.46","8.35","8.49","7.96","16.23K","0.24%"
"Nov 26, 2018","8.44","8.35","8.56","8.35","13.02K","1.08%"
"Nov 23, 2018","8.35","7.80","8.35","7.80","16.27K","1.83%"
"Nov 21, 2018","8.20","8.36","8.56","8.20","36.44K","-1.91%"
"Nov 20, 2018","8.36","8.40","8.41","8.17","21.57K","-2.22%"
"Nov 19, 2018","8.55","8.53","8.55","8.40","9.04K","0.71%"
"Nov 16, 2018","8.49","8.35","8.53","8.35","11.89K","1.68%"
"Nov 15, 2018","8.35","8.30","8.35","8.30","12.79K","0.36%"
"Nov 14, 2018","8.32","8.27","8.40","8.27","5.54K","-0.24%"
"Nov 13, 2018","8.34","8.50","8.70","8.25","8.40K","-1.88%"
"Nov 12, 2018","8.50","8.36","8.63","8.35","2.97K","2.29%"
"Nov 09, 2018","8.31","8.32","8.32","8.05","9.93K","-1.19%"
"Nov 08, 2018","8.41","8.41","8.41","8.41","-","-6.45%"
"Nov 07, 2018","8.99","8.41","8.99","8.10","12.86K","9.63%"
"Nov 06, 2018","8.20","8.94","8.94","8.00","13.77K","-2.38%"
"Nov 05, 2018","8.40","8.86","8.86","8.00","8.00K","-8.99%"
"Nov 02, 2018","9.23","8.88","9.28","8.87","2.77K","0.44%"
"Nov 01, 2018","9.19","9.19","9.19","9.19","-","2.00%"
"Oct 31, 2018","9.01","9.18","9.24","9.01","4.26K","-3.53%"
"Oct 30, 2018","9.34","8.50","9.34","8.50","4.95K","9.24%"
"Oct 29, 2018","8.55","7.75","9.55","7.75","8.86K","-6.86%"
"Oct 26, 2018","9.18","8.38","9.18","8.38","3.52K","-0.33%"
"Oct 25, 2018","9.21","9.65","9.65","8.51","4.57K","-0.11%"
"Oct 24, 2018","9.22","9.85","9.85","9.00","10.88K","2.44%"
"Oct 23, 2018","9.00","9.80","9.80","8.75","3.89K","-0.22%"
"Oct 22, 2018","9.02","9.90","9.90","9.01","1.96K","-9.35%"
"Oct 19, 2018","9.95","8.90","9.95","8.46","13.67K","14.76%"
"Oct 18, 2018","8.67","8.66","8.67","8.66","0.56K","0.12%"
"Oct 17, 2018","8.66","8.60","9.00","8.60","5.40K","0.58%"
"Oct 16, 2018","8.61","9.65","9.70","8.61","7.70K","-10.78%"
"Oct 15, 2018","9.65","9.55","9.65","9.20","2.80K","0.94%"
"Oct 12, 2018","9.56","10.55","10.55","9.56","7.31K","-10.90%"
"Oct 11, 2018","10.73","10.54","10.80","10.54","2.70K","-0.37%"
"Oct 10, 2018","10.77","10.79","10.79","10.77","0.85K","-0.19%"
"Oct 09, 2018","10.79","10.79","10.79","10.79","-","-0.09%"
"Oct 08, 2018","10.80","10.79","10.80","10.79","0.93K","0.09%"
"Oct 05, 2018","10.79","11.63","11.63","10.79","0.67K","0.00%"
"Oct 04, 2018","10.79","10.79","10.79","10.79","-","0.09%"
"Oct 03, 2018","10.78","12.48","12.48","10.78","0.83K","-6.26%"
"Oct 01, 2018","11.50","11.01","11.99","11.01","2.08K","4.55%"
"Sep 28, 2018","11.00","11.01","11.01","11.00","0.59K","1.57%"
"Sep 27, 2018","10.83","10.94","10.94","10.83","2.38K","-5.83%"
"Sep 26, 2018","11.50","14.46","14.46","11.50","3.40K","-2.62%"
"Sep 25, 2018","11.81","12.47","14.47","11.81","1.31K","-2.48%"
"Sep 24, 2018","12.11","10.55","12.11","10.55","11.09K","5.21%"
"Sep 21, 2018","11.51","11.51","11.51","11.51","-","-4.32%"
"Sep 20, 2018","12.03","11.51","12.03","11.51","0.68K","4.61%"
"Sep 19, 2018","11.50","11.68","11.68","11.50","1.40K","-0.43%"
"Sep 18, 2018","11.55","10.79","12.00","10.79","4.49K","5.00%"
"Sep 17, 2018","11.00","10.70","11.01","10.70","3.61K","-1.61%"
"Sep 14, 2018","11.18","11.99","11.99","11.18","0.30K","-5.17%"
"Sep 13, 2018","11.79","10.86","11.80","10.86","3.61K","7.18%"
"Sep 12, 2018","11.00","10.93","11.00","10.51","5.38K","-0.45%"
"Sep 11, 2018","11.05","10.90","11.10","10.90","27.66K","-1.07%"
"Sep 10, 2018","11.17","10.95","11.17","10.90","1.57K","-5.10%"
"Sep 07, 2018","11.77","11.10","11.77","11.10","1.28K","7.00%"
"Sep 06, 2018","11.00","10.95","11.22","10.95","3.13K","0.27%"
"Sep 05, 2018","10.97","10.90","11.50","10.90","24.10K","-1.61%"
"Sep 04, 2018","11.15","10.90","11.15","10.90","6.54K","1.55%"
"Aug 31, 2018","10.98","11.38","11.38","10.98","1.29K","-0.36%"
"Aug 30, 2018","11.02","11.17","11.17","10.95","2.10K","-1.17%"
"Aug 29, 2018","11.15","11.00","11.26","11.00","1.72K","0.90%"
"Aug 28, 2018","11.05","10.97","11.05","10.97","1.11K","-2.30%"
"Aug 27, 2018","11.31","10.98","11.31","10.98","0.84K","3.01%"
"Aug 24, 2018","10.98","10.95","10.98","10.95","1.54K","0.27%"
"Aug 23, 2018","10.95","10.80","11.22","10.80","40.11K","-0.45%"
"Aug 22, 2018","11.00","10.91","11.53","10.91","0.64K","0.18%"
"Aug 21, 2018","10.98","10.90","10.98","10.90","2.92K","-0.18%"
"Aug 20, 2018","11.00","10.90","11.00","10.90","8.86K","0.18%"
"Aug 17, 2018","10.98","10.97","11.05","10.97","1.75K","-0.18%"
"Aug 16, 2018","11.00","10.85","11.10","10.85","2.42K","-1.79%"
"Aug 15, 2018","11.20","10.45","11.20","10.45","2.72K","0.45%"
"Aug 14, 2018","11.15","11.20","11.35","11.15","1.34K","-0.62%"
"Aug 13, 2018","11.22","11.52","11.52","10.97","4.33K","2.94%"
"Aug 10, 2018","10.90","10.74","11.50","10.74","5.52K","-5.22%"
"Aug 09, 2018","11.50","10.99","11.50","10.99","0.72K","4.55%"
"Aug 08, 2018","11.00","11.00","11.00","11.00","-","0.00%"
"Aug 07, 2018","11.00","11.45","11.45","10.99","2.09K","0.09%"
"Aug 06, 2018","10.99","11.00","11.00","10.99","0.67K","-1.61%"
"Aug 03, 2018","11.17","10.49","11.17","10.49","1.89K","3.04%"
"Aug 02, 2018","10.84","10.62","11.53","10.62","1.79K","-1.36%"
"Aug 01, 2018","10.99","10.93","10.99","10.93","11.88K","0.09%"
"Jul 31, 2018","10.98","10.80","10.98","10.80","2.02K","1.48%"
"Jul 30, 2018","10.82","10.98","10.98","10.80","2.71K","-0.18%"
"Jul 27, 2018","10.84","10.89","10.89","10.80","12.46K","0.00%"
"Jul 26, 2018","10.84","10.80","10.89","10.57","17.30K","-0.37%"
"Jul 25, 2018","10.88","10.78","10.88","10.78","2.65K","0.46%"
"Jul 24, 2018","10.83","10.70","10.83","10.70","1.24K","1.21%"
"Jul 23, 2018","10.70","10.69","10.70","10.69","4.31K","0.00%"
"Jul 20, 2018","10.70","10.35","10.80","10.35","10.35K","0.85%"
"Jul 19, 2018","10.61","10.60","10.91","10.60","2.70K","-0.38%"
"Jul 18, 2018","10.65","10.17","10.65","10.17","3.94K","1.53%"
"Jul 17, 2018","10.49","10.48","10.49","10.48","0.64K","1.45%"
"Jul 16, 2018","10.34","10.84","10.85","10.22","5.35K","-3.36%"
"Jul 13, 2018","10.70","10.71","10.81","10.70","1.11K","0.94%"
"Jul 12, 2018","10.60","10.37","10.60","10.37","0.59K","2.22%"
"Jul 11, 2018","10.37","10.50","10.84","10.37","4.99K","0.10%"
"Jul 10, 2018","10.36","10.37","10.37","10.36","1.82K","2.07%"
"Jul 09, 2018","10.15","10.49","10.49","10.13","1.49K","0.00%"
"Jul 06, 2018","10.15","10.15","10.15","10.15","-","-0.10%"
"Jul 05, 2018","10.16","10.15","10.16","10.15","1.46K","-0.88%"
"Jul 03, 2018","10.25","10.25","10.25","10.25","-","0.89%"
"Jul 02, 2018","10.16","10.18","10.25","10.14","23.03K","-0.97%"
"Jun 29, 2018","10.26","10.22","10.44","10.22","1.79K","0.98%"
"Jun 28, 2018","10.16","10.26","10.26","10.15","6.02K","-2.12%"
"Jun 27, 2018","10.38","10.37","10.38","10.37","3.06K","-0.19%"
"Jun 26, 2018","10.40","10.40","10.40","10.40","-","-0.38%"
"Jun 25, 2018","10.44","10.44","10.44","10.44","-","-3.15%"
"Jun 22, 2018","10.78","10.46","10.78","10.46","4.32K","2.57%"
"Jun 21, 2018","10.51","10.44","10.81","10.44","3.77K","0.19%"
"Jun 20, 2018","10.49","10.45","10.52","10.45","4.23K","-0.29%"
"Jun 19, 2018","10.52","10.63","10.82","10.45","3.93K","0.19%"
"Jun 18, 2018","10.50","10.53","10.53","10.44","20.25K","0.19%"
"Jun 15, 2018","10.48","10.45","10.48","10.45","0.82K","-0.47%"
"Jun 14, 2018","10.53","10.62","11.24","10.53","1.18K","-0.75%"
"Jun 13, 2018","10.61","10.48","10.61","10.48","1.82K","-0.93%"
"Jun 12, 2018","10.71","10.87","10.87","10.71","1.89K","-2.10%"
"Jun 11, 2018","10.94","10.87","10.94","10.87","11.61K","1.77%"
"Jun 07, 2018","10.75","10.77","10.77","10.75","2.05K","-3.41%"
"Jun 06, 2018","11.13","10.76","11.13","10.76","1.44K","-0.71%"
"Jun 05, 2018","11.21","11.70","11.70","11.21","0.60K","-2.44%"
"Jun 04, 2018","11.49","10.50","11.49","10.50","0.67K","11.55%"
"Jun 01, 2018","10.30","11.21","11.21","10.30","1.15K","-4.63%"
"May 31, 2018","10.80","10.19","10.80","10.19","2.25K","-3.14%"
"May 30, 2018","11.15","11.25","11.25","11.00","3.65K","0.09%"
"May 29, 2018","11.14","10.88","11.25","10.88","7.24K","8.47%"
"May 25, 2018","10.27","10.26","10.27","10.26","20.27K","-2.19%"
"May 24, 2018","10.50","10.25","10.50","10.25","0.58K","-4.98%"
"May 23, 2018","11.05","10.75","11.10","10.25","2.90K","3.56%"
"May 22, 2018","10.67","11.12","11.12","10.67","0.84K","-1.11%"
"May 21, 2018","10.79","10.78","10.79","10.31","2.71K","5.27%"
"May 18, 2018","10.25","10.38","10.38","10.25","1.89K","0.89%"
"May 17, 2018","10.16","10.15","10.16","10.15","0.36K","-10.48%"
"May 16, 2018","11.35","11.00","11.35","11.00","0.90K","4.61%"
"May 15, 2018","10.85","10.85","10.85","10.85","-","-1.45%"
"May 14, 2018","11.01","11.00","11.30","11.00","1.62K","7.10%"
"May 11, 2018","10.28","10.31","10.31","10.28","0.72K","0.00%"
"May 10, 2018","10.28","10.28","10.28","10.28","-","1.78%"
"May 09, 2018","10.10","10.05","10.10","10.05","1.15K","-5.34%"
"May 08, 2018","10.67","10.67","10.67","10.67","-","-5.58%"
"May 07, 2018","11.30","11.11","11.30","11.11","1.77K","-1.31%"
"May 04, 2018","11.45","11.11","11.45","11.11","11.58K","1.87%"
"May 03, 2018","11.24","11.12","11.24","11.11","1.33K","-0.09%"
"May 02, 2018","11.25","11.35","11.35","11.25","10.59K","-3.02%"
"May 01, 2018","11.60","11.61","11.75","11.50","18.71K","0.87%"
"Apr 30, 2018","11.50","11.61","11.61","11.12","1.58K","1.05%"
"Apr 27, 2018","11.38","11.11","11.76","11.11","32.47K","-1.13%"
"Apr 26, 2018","11.51","11.50","12.19","11.50","2.14K","0.35%"
"Apr 25, 2018","11.47","11.46","11.47","11.46","1.75K","-5.98%"
"Apr 24, 2018","12.20","12.20","12.20","12.20","-","-15.51%"
"Apr 23, 2018","14.44","14.45","14.45","14.44","0.35K","19.24%"
"Apr 20, 2018","12.11","12.40","14.50","12.06","1.35K","-5.02%"
"Apr 19, 2018","12.75","12.06","12.75","12.06","2.56K","5.63%"
"Apr 18, 2018","12.07","12.75","14.50","12.07","0.93K","-17.33%"
"Apr 17, 2018","14.60","11.80","14.60","11.45","15.81K","24.26%"
"Apr 16, 2018","11.75","11.45","11.75","11.45","58.93K","0.17%"
"Apr 13, 2018","11.73","11.76","11.76","11.40","45.13K","-5.02%"
"Apr 12, 2018","12.35","13.31","13.50","11.70","18.95K","-7.42%"
"Apr 11, 2018","13.34","19.15","19.15","13.00","18.39K","-30.08%"
"Apr 10, 2018","19.08","20.00","24.00","14.28","11.87K","-4.60%"
"Apr 09, 2018","20.00","12.45","20.00","12.05","13.83K","71.82%"
"Apr 06, 2018","11.64","11.65","11.65","11.30","21.31K","-0.68%"
"Apr 05, 2018","11.72","11.50","11.72","11.39","15.88K","1.56%"
"Apr 04, 2018","11.54","11.56","11.62","11.26","25.47K","-1.11%"
"Apr 03, 2018","11.67","11.70","11.70","11.23","27.90K","2.37%"
"Apr 02, 2018","11.40","11.60","11.81","11.40","104.42K","-2.15%"
"Mar 29, 2018","11.65","11.49","11.65","11.45","163.61K","-2.84%"
"Mar 28, 2018","11.99","11.85","11.99","11.50","283.76K","2.92%"
"Mar 27, 2018","11.65","11.74","11.74","11.60","232.29K","-0.43%"
"Mar 26, 2018","11.70","11.66","11.70","11.46","167.67K","-0.26%"
"Mar 23, 2018","11.73","11.77","11.77","11.73","200.93K","0.86%"
"Mar 22, 2018","11.63","11.63","11.63","11.63","-","2.29%"
"Mar 21, 2018","11.37","11.37","11.37","11.37","-","-2.49%"
"Mar 19, 2018","11.66","11.54","11.70","11.37","19.41K","2.55%"
"Mar 16, 2018","11.37","11.37","11.37","11.37","-","0.71%"
"Mar 15, 2018","11.29","11.70","11.70","11.29","0.75K","-3.42%"
"Mar 14, 2018","11.69","11.70","11.70","11.69","9.57K","1.04%"
"Mar 13, 2018","11.57","11.66","11.66","11.57","1.65K","1.14%"
"Mar 12, 2018","11.44","11.65","11.65","11.44","0.56K","-1.80%"
"Mar 09, 2018","11.65","11.65","11.65","11.65","-","0.34%"
"Mar 08, 2018","11.61","11.60","11.61","11.60","46.07K","0.87%"
"Mar 07, 2018","11.51","11.05","11.51","11.05","2.31K","0.61%"
"Mar 05, 2018","11.44","11.44","11.44","11.44","-","-1.63%"
"Mar 02, 2018","11.63","11.28","11.63","11.28","3.78K","3.10%"
"Mar 01, 2018","11.28","11.28","11.28","11.28","-","-0.79%"
"Feb 28, 2018","11.37","11.67","11.67","11.02","0.59K","-3.81%"
"Feb 27, 2018","11.82","11.21","11.82","11.21","1.15K","0.00%"
"Feb 26, 2018","11.82","11.41","11.82","11.41","2.00K","-1.58%"
"Feb 23, 2018","12.01","12.01","12.01","12.01","-","0.00%"
"Feb 22, 2018","12.01","12.01","12.01","12.01","-","0.00%"
"Feb 21, 2018","12.01","11.27","12.01","11.27","0.86K","2.13%"
"Feb 20, 2018","11.76","11.76","11.76","11.76","-","0.00%"
"Feb 16, 2018","11.76","11.76","11.76","11.76","-","2.08%"
"Feb 15, 2018","11.52","11.56","11.56","11.52","0.76K","0.00%"
"Feb 14, 2018","11.52","11.39","11.52","11.39","14.88K","0.00%"
"Feb 12, 2018","11.52","11.52","11.52","11.52","-","-0.35%"
"Feb 09, 2018","11.56","11.56","11.56","11.56","-","-1.20%"
"Feb 08, 2018","11.70","11.70","11.70","11.70","-","-0.85%"
"Feb 07, 2018","11.80","11.80","11.80","11.80","-","-2.07%"
"Feb 06, 2018","12.05","11.99","12.05","11.85","11.10K","-3.37%"
"Feb 05, 2018","12.47","12.39","12.47","12.39","14.99K","-2.04%"
"Feb 01, 2018","12.73","12.69","12.73","12.69","0.70K","0.39%"
"Jan 31, 2018","12.68","12.20","12.68","12.20","10.45K","3.93%"
"Jan 30, 2018","12.20","12.69","12.69","12.20","3.51K","-0.41%"
"Jan 29, 2018","12.25","12.25","12.25","12.25","-","-1.61%"
"Jan 26, 2018","12.45","12.45","12.45","12.45","-","1.63%"
"Jan 25, 2018","12.25","12.59","12.59","12.25","1.70K","-3.16%"
"Jan 24, 2018","12.65","12.40","12.65","12.40","5.05K","2.51%"
"Jan 23, 2018","12.34","12.30","12.45","12.30","1.53K","1.15%"
"Jan 22, 2018","12.20","12.17","12.20","12.17","0.88K","0.66%"
"Jan 19, 2018","12.12","12.03","12.20","12.03","3.93K","-2.88%"
"Jan 18, 2018","12.48","12.48","12.48","12.48","-","5.41%"
"Jan 17, 2018","11.84","12.05","12.05","11.84","0.70K","0.00%"
"Jan 12, 2018","11.84","11.46","11.84","11.46","0.59K","2.96%"
"Jan 11, 2018","11.50","11.35","11.50","11.35","3.37K","-4.09%"
"Jan 10, 2018","11.99","11.95","11.99","11.95","0.53K","2.13%"
"Jan 09, 2018","11.74","11.90","11.90","11.74","1.85K","0.34%"
"Jan 08, 2018","11.70","11.70","11.70","11.70","-","-6.47%"
"Jan 05, 2018","12.51","12.51","12.51","12.51","-","2.71%"
"Jan 04, 2018","12.18","11.64","12.18","11.64","4.96K","3.92%"
"Jan 03, 2018","11.72","11.96","11.96","11.72","0.43K","0.00%"
"Dec 29, 2017","11.72","11.72","11.72","11.72","-","6.55%"
"Dec 26, 2017","11.00","11.00","11.00","11.00","-","-2.05%"
"Dec 21, 2017","11.23","10.70","11.23","10.70","0.58K","3.31%"
"Dec 19, 2017","10.87","10.87","10.87","10.87","-","-0.37%"
"Dec 18, 2017","10.91","10.87","10.91","10.87","0.25K","-3.71%"
"Dec 15, 2017","11.33","11.33","11.33","11.33","-","3.09%"
"Dec 14, 2017","10.99","10.99","11.31","10.99","2.10K","2.14%"
"Dec 13, 2017","10.76","11.00","11.00","10.76","2.60K","1.03%"
"Dec 12, 2017","10.65","10.76","10.76","10.65","0.31K","-1.39%"
"Dec 11, 2017","10.80","10.80","10.80","10.80","4.69K","-1.64%"
"Dec 07, 2017","10.98","10.98","10.98","10.96","6.88K","-0.72%"
"Dec 05, 2017","11.06","11.06","11.06","11.06","-","0.55%"
"Dec 04, 2017","11.00","10.96","11.00","10.96","0.41K","1.95%"
"Nov 30, 2017","10.79","10.79","10.79","10.79","-","-3.23%"
"Nov 28, 2017","11.15","11.21","11.21","10.99","8.37K","-3.80%"
"Nov 24, 2017","11.59","11.59","11.59","11.59","-","-0.60%"
"Nov 22, 2017","11.66","11.66","11.66","11.66","-","3.00%"
"Nov 21, 2017","11.32","11.32","11.32","10.97","6.70K","0.62%"
"Nov 20, 2017","11.25","11.25","11.25","10.91","3.77K","1.90%"
"Nov 17, 2017","11.04","11.28","11.28","11.04","1.70K","-0.36%"
"Nov 15, 2017","11.08","11.08","11.08","11.08","-","-0.09%"
"Nov 14, 2017","11.09","11.02","11.09","11.02","24.42K","-0.81%"
"Nov 08, 2017","11.18","11.18","11.18","11.18","1.27K","-2.10%"
"Nov 07, 2017","11.42","11.41","11.42","11.41","1.18K","7.53%"
"Nov 06, 2017","10.62","10.60","10.70","10.60","70.25K","1.05%"
"Nov 03, 2017","10.51","10.47","10.81","10.47","1.16K","-3.40%"
"Nov 02, 2017","10.88","10.88","10.88","10.88","22.01K","2.84%"
"Nov 01, 2017","10.58","10.58","10.58","10.58","-","-3.38%"
"Oct 30, 2017","10.95","10.95","10.95","10.95","0.10K","-1.44%"
"Oct 26, 2017","11.11","11.11","11.11","11.11","0.44K","-4.22%"
"Oct 17, 2017","11.60","11.60","11.60","11.60","0.18K","1.05%"
"Oct 11, 2017","11.48","11.47","11.48","11.47","10.00K","4.36%"
"Oct 05, 2017","11.00","11.00","11.00","11.00","0.70K","0.18%"
"Sep 28, 2017","10.98","10.99","10.99","10.98","0.21K","-4.44%"
"Sep 15, 2017","11.49","11.49","11.49","11.49","0.28K","-1.37%"
"Sep 13, 2017","11.65","11.65","11.65","11.65","2.00K","1.75%"
"Sep 06, 2017","11.45","11.45","11.45","11.45","0.10K","1.42%"
"Aug 02, 2017","11.29","11.29","11.29","11.29","0.10K","0.80%"
"Jul 27, 2017","11.20","11.20","11.20","11.20","0.20K","6.57%"
"Jul 07, 2017","10.51","10.51","10.51","10.51","4.00K","-4.54%"
"Jun 23, 2017","11.01","11.01","11.01","11.01","0.20K","-3.17%"
"Jun 14, 2017","11.37","11.37","11.37","11.37","3.10K","2.25%"
"Jun 09, 2017","11.12","11.12","11.12","11.12","0.50K","-2.03%"
"Jun 07, 2017","11.35","11.31","11.35","11.31","0.20K","-1.39%"
"Jun 06, 2017","11.51","11.51","11.51","11.51","0.20K","2.04%"
"May 31, 2017","11.28","11.28","11.28","11.28","0.57K","0.80%"
"May 24, 2017","11.19","11.19","11.19","11.19","1.00K","-2.01%"
"May 19, 2017","11.42","11.30","11.42","11.30","0.34K","3.91%"
"May 18, 2017","10.99","10.99","10.99","10.99","0.28K","-2.40%"
"May 16, 2017","11.26","11.25","11.26","11.25","2.68K","1.44%"
"May 08, 2017","11.10","11.10","11.10","11.10","0.50K","3.16%"
"Apr 19, 2017","10.76","10.76","10.76","10.76","0.49K","1.70%"
"Apr 18, 2017","10.58","10.59","10.60","10.58","0.38K","2.22%"
"Apr 17, 2017","10.35","10.35","10.35","10.35","0.25K","-3.09%"
"Mar 31, 2017","10.68","10.68","10.68","10.68","2.00K","0.00%"
"Mar 24, 2017","10.68","10.68","10.68","10.68","0.12K","-1.02%"
"Mar 21, 2017","10.79","10.80","10.80","10.79","0.87K","-0.64%"
"Mar 20, 2017","10.86","10.86","10.86","10.86","0.29K","-2.95%"
"Mar 17, 2017","11.19","11.19","11.19","11.19","0.20K","8.01%"
"Mar 13, 2017","10.36","10.36","10.36","10.36","0.45K","3.60%"
"Feb 23, 2017","10.00","10.00","10.00","10.00","0.10K","3.20%"
"Feb 13, 2017","9.69","9.69","9.69","9.69","0.30K","3.09%"
"Feb 09, 2017","9.40","9.40","9.40","9.40","1.10K","2.29%"
"Feb 07, 2017","9.19","9.19","9.19","9.19","0.55K","0.00%"
"Jan 31, 2017","9.19","9.19","9.19","9.19","0.35K","-2.75%"
"Jan 30, 2017","9.45","9.45","9.45","9.45","0.50K","0.43%"
"Jan 26, 2017","9.41","9.41","9.41","9.41","1.16K","-0.63%"
"Jan 25, 2017","9.47","9.47","9.47","9.47","1.06K","1.28%"
"Jan 23, 2017","9.35","9.35","9.35","9.35","0.20K","1.63%"
"Jan 20, 2017","9.20","9.20","9.20","9.20","0.80K","-2.23%"
"Jan 13, 2017","9.41","9.41","9.41","9.41","0.33K","4.67%"
"Jan 12, 2017","8.99","8.99","8.99","8.99","0.10K","-0.44%"
"Jan 10, 2017","9.03","9.00","9.03","9.00","1.13K","0.33%"
"Jan 06, 2017","9.00","9.00","9.00","9.00","2.89K","0.45%"
"Jan 05, 2017","8.96","8.96","8.96","8.96","0.30K","-0.44%"
"Jan 04, 2017","9.00","8.81","9.00","8.62","0.78K","4.53%"
"Jan 03, 2017","8.61","8.61","8.61","8.61","0.10K","-3.26%"
"Dec 29, 2016","8.90","8.90","8.90","8.90","0.57K","6.33%"
"Dec 22, 2016","8.37","8.42","8.64","8.37","2.18K","-3.13%"
"Dec 21, 2016","8.64","8.64","8.64","8.64","5.00K","0.93%"
"Dec 20, 2016","8.56","8.56","8.56","8.56","3.56K","-3.82%"
"Dec 19, 2016","8.90","8.90","8.90","8.90","0.10K","0.34%"
"Dec 16, 2016","8.87","8.87","8.87","8.87","0.39K","0.23%"
"Dec 13, 2016","8.85","8.85","8.85","8.85","0.38K","-4.01%"
"Dec 12, 2016","9.22","8.86","9.22","8.86","2.11K","-0.54%"
"Dec 08, 2016","9.27","8.93","9.27","8.93","4.42K","6.43%"
"Dec 02, 2016","8.71","8.71","8.71","8.71","0.83K","-2.46%"
"Nov 29, 2016","8.93","8.78","8.93","8.74","1.00K","-4.29%"
"Nov 21, 2016","9.33","9.29","9.33","9.29","0.57K","9.76%"
"Nov 16, 2016","8.50","8.50","8.60","8.50","3.46K","-0.58%"
"Nov 14, 2016","8.55","8.93","8.93","8.55","0.83K","-1.04%"
"Nov 11, 2016","8.64","8.64","8.64","8.64","0.10K","-7.79%"
"Nov 10, 2016","9.37","9.25","9.37","9.25","0.30K","-0.43%"
"Nov 09, 2016","9.41","9.41","9.41","9.41","0.10K","-2.28%"
"Nov 08, 2016","9.63","9.63","9.63","9.63","0.50K","4.11%"
"Nov 07, 2016","9.25","9.25","9.25","9.25","0.10K","-1.80%"
"Nov 04, 2016","9.42","9.42","9.42","9.42","0.79K","4.67%"
"Nov 02, 2016","9.00","9.20","9.20","9.00","0.57K","-5.56%"
"Oct 31, 2016","9.53","9.09","9.53","9.09","2.36K","0.63%"
"Oct 28, 2016","9.47","9.07","9.47","9.07","0.70K","2.38%"
"Oct 27, 2016","9.25","9.02","9.25","9.02","0.50K","-2.63%"
"Oct 26, 2016","9.50","9.50","9.50","9.50","0.10K","0.21%"
"Oct 25, 2016","9.48","9.48","9.48","9.48","0.10K","-1.56%"
"Oct 20, 2016","9.63","9.83","9.83","9.63","1.90K","-0.72%"
"Oct 19, 2016","9.70","9.70","9.70","9.70","2.80K","2.43%"
"Oct 18, 2016","9.47","9.37","9.47","9.37","1.05K","-1.15%"
"Oct 13, 2016","9.58","9.58","9.58","9.58","0.80K","-2.74%"
"Sep 30, 2016","9.85","9.15","9.85","9.15","2.18K","2.28%"
"Sep 29, 2016","9.63","9.47","9.63","9.47","0.90K","1.16%"
"Sep 27, 2016","9.52","9.50","9.52","9.50","1.77K","-2.66%"
"Sep 23, 2016","9.78","9.78","9.78","9.78","0.10K","-0.41%"
"Sep 22, 2016","9.82","9.77","9.82","9.77","0.30K","3.37%"
"Sep 13, 2016","9.50","9.50","9.50","9.50","0.30K","0.00%"
"Sep 12, 2016","9.50","9.50","9.50","9.50","0.10K","-2.06%"
"Sep 07, 2016","9.70","9.69","9.70","9.69","0.40K","1.04%"
"Sep 06, 2016","9.60","9.60","9.60","9.60","0.13K","-0.10%"
"Sep 02, 2016","9.61","9.59","9.61","9.59","0.40K","-0.41%"
"Aug 31, 2016","9.65","9.65","9.65","9.65","2.52K","-0.21%"
"Aug 30, 2016","9.67","9.67","9.67","9.67","1.40K","-1.12%"
"Aug 29, 2016","9.78","9.67","9.80","9.67","5.66K","-1.41%"
"Aug 26, 2016","9.92","9.85","9.92","9.85","1.79K","-0.30%"
"Aug 23, 2016","9.95","9.95","10.00","9.95","0.91K","-1.78%"
"Aug 22, 2016","10.13","10.13","10.13","10.13","0.15K","0.10%"
"Aug 18, 2016","10.12","10.12","10.12","10.12","0.50K","-1.94%"
"Aug 12, 2016","10.32","10.32","10.32","10.32","2.15K","0.19%"
"Aug 11, 2016","10.30","10.30","10.30","10.30","0.35K","0.49%"
"Aug 10, 2016","10.25","10.25","10.25","10.25","0.20K","0.00%"
"Aug 09, 2016","10.25","10.25","10.25","10.25","0.10K","-0.29%"
"Aug 08, 2016","10.28","10.30","10.30","10.28","0.21K","-0.19%"
"Aug 05, 2016","10.30","10.30","10.30","10.30","2.50K","1.38%"
"Aug 04, 2016","10.16","10.12","10.16","10.12","0.30K","0.30%"
"Aug 02, 2016","10.13","10.13","10.13","10.13","0.25K","0.10%"
"Aug 01, 2016","10.12","10.12","10.12","10.12","0.10K","-0.49%"
"Jul 29, 2016","10.17","10.12","10.17","10.12","0.20K","-4.06%"
"Jul 27, 2016","10.60","10.60","10.60","10.60","0.20K","0.95%"
"Jul 25, 2016","10.50","10.67","10.67","10.50","9.62K","1.94%"
"Jul 22, 2016","10.30","10.65","10.68","10.24","6.19K","-2.37%"
"Jul 21, 2016","10.55","10.94","10.96","10.50","6.33K","-4.18%"
"Jul 20, 2016","11.01","11.01","11.01","11.01","0.10K","-0.36%"
"Jul 19, 2016","11.05","11.06","11.26","10.87","1.45K","-1.43%"
"Jul 18, 2016","11.21","11.21","11.21","11.21","0.57K","3.80%"
"Jul 14, 2016","10.80","10.69","10.80","10.69","1.48K","1.69%"
"Jul 13, 2016","10.62","10.58","10.64","10.58","2.77K","4.22%"
"Jul 12, 2016","10.19","10.29","10.29","10.19","0.90K","0.59%"
"Jul 11, 2016","10.13","10.13","10.13","10.13","1.00K","3.26%"
"Jul 08, 2016","9.81","9.83","9.83","9.81","1.32K","-1.80%"
"Jul 06, 2016","9.99","9.92","9.99","9.92","0.42K","1.01%"
"Jul 05, 2016","9.89","9.75","9.89","9.75","1.47K","-0.30%"
"Jul 01, 2016","9.92","9.92","9.92","9.92","0.25K","-1.68%"
"Jun 30, 2016","10.09","10.04","10.09","10.04","0.48K","0.90%"
"Jun 29, 2016","10.00","10.00","10.00","10.00","0.91K","1.63%"
"Jun 28, 2016","9.84","10.00","10.00","9.67","2.08K","0.51%"
"Jun 27, 2016","9.79","9.65","9.79","9.65","30.64K","1.35%"
"Jun 24, 2016","9.66","9.08","9.79","9.08","5.68K","-7.12%"
"Jun 23, 2016","10.40","10.08","10.41","10.08","1.84K","0.29%"
"Jun 22, 2016","10.37","10.38","10.38","10.37","1.98K","0.97%"
"Jun 21, 2016","10.27","10.21","10.27","10.21","0.30K","0.69%"
"Jun 20, 2016","10.20","10.29","10.30","10.20","2.05K","2.93%"
"Jun 17, 2016","9.91","9.92","9.92","9.91","0.78K","3.55%"
"Jun 16, 2016","9.57","9.88","9.88","9.57","3.16K","-3.43%"
"Jun 14, 2016","9.91","9.95","9.95","9.89","0.41K","-1.59%"
"Jun 13, 2016","10.07","10.14","10.14","10.03","3.14K","-1.76%"
"Jun 10, 2016","10.25","10.25","10.27","10.23","7.08K","-3.39%"
"Jun 09, 2016","10.61","10.61","10.61","10.59","4.43K","1.53%"
"Jun 08, 2016","10.45","10.52","10.52","10.45","0.40K","0.48%"
"Jun 07, 2016","10.40","10.59","10.64","10.40","1.70K","-2.71%"
"Jun 06, 2016","10.69","10.68","10.70","10.50","4.30K","4.70%"
"Jun 03, 2016","10.21","10.24","10.25","10.06","20.85K","0.79%"
"May 26, 2016","10.13","10.13","10.13","10.13","0.30K","-2.78%"
"May 19, 2016","10.42","10.42","10.42","10.42","0.32K","-0.48%"
"May 13, 2016","10.47","10.51","10.51","10.47","0.42K","-17.04%"
"Apr 21, 2016","12.62","12.62","12.62","12.62","0.28K","6.05%"
"Apr 18, 2016","11.90","11.90","11.90","11.90","0.12K","-0.42%"
"Apr 15, 2016","11.95","11.53","11.95","11.53","1.60K","-1.73%"
"Apr 14, 2016","12.16","12.17","12.17","12.16","10.64K","-1.46%"
"Mar 31, 2016","12.34","12.34","12.34","12.34","1.40K","2.07%"
"Mar 30, 2016","12.09","12.09","12.09","12.09","0.95K","1.77%"
"Mar 21, 2016","11.88","11.88","11.88","11.88","0.20K","4.95%"
"Mar 18, 2016","11.32","11.32","11.32","11.32","0.30K","3.10%"
"Mar 17, 2016","10.98","10.98","10.98","10.98","0.20K","2.14%"
"Mar 14, 2016","10.75","10.75","10.75","10.75","0.20K","4.07%"
"Mar 08, 2016","10.33","10.33","10.33","10.33","0.10K","-1.15%"
"Mar 07, 2016","10.45","10.50","10.50","10.45","7.20K","3.47%"
"Mar 04, 2016","10.10","10.10","10.10","10.10","0.26K","0.30%"
"Mar 01, 2016","10.07","9.73","10.07","9.73","2.89K","7.13%"
"Feb 29, 2016","9.40","9.40","9.40","9.40","0.10K","1.08%"
"Feb 24, 2016","9.30","9.30","9.30","9.30","2.64K","-2.62%"
"Feb 22, 2016","9.55","9.55","9.55","9.55","0.75K","1.27%"
"Feb 16, 2016","9.43","9.47","9.47","9.43","1.20K","-1.98%"
"Feb 09, 2016","9.62","9.62","9.62","9.62","0.13K","2.12%"
"Feb 05, 2016","9.42","9.42","9.42","9.42","0.42K","0.53%"
"Feb 04, 2016","9.37","9.34","9.41","9.34","1.80K","6.96%"
"Feb 03, 2016","8.76","8.76","8.76","8.76","0.30K","-3.20%"
"Feb 02, 2016","9.05","9.05","9.05","9.05","0.33K","-2.90%"
"Feb 01, 2016","9.32","9.32","9.32","9.32","1.10K","0.43%"
"Jan 29, 2016","9.28","9.28","9.28","9.28","0.13K","16.73%"
"Jan 20, 2016","7.95","7.81","7.95","7.81","2.00K","-6.80%"
"Jan 14, 2016","8.53","8.53","8.53","8.53","0.30K","2.40%"
"Jan 13, 2016","8.33","8.33","8.33","8.33","1.05K","-1.30%"
"Jan 06, 2016","8.44","8.44","8.44","8.44","0.30K","0.24%"
"Dec 30, 2015","8.42","8.42","8.42","8.42","0.60K","0.72%"
"Dec 22, 2015","8.36","8.12","8.36","8.12","0.33K","0.97%"
"Dec 21, 2015","8.28","8.15","8.28","8.15","4.39K","2.60%"
"Dec 15, 2015","8.07","8.08","8.08","8.07","0.70K","1.51%"
"Dec 14, 2015","7.95","8.00","8.00","7.95","3.05K","-3.52%"
"Dec 11, 2015","8.24","8.21","8.24","8.21","0.62K","-4.19%"
"Dec 07, 2015","8.60","8.51","8.61","8.51","2.07K","2.63%"
"Dec 03, 2015","8.38","8.38","8.38","8.38","0.19K","-2.44%"
"Nov 30, 2015","8.59","8.59","8.59","8.59","0.46K","0.12%"
"Nov 24, 2015","8.58","8.58","8.58","8.58","0.30K","0.35%"
"Nov 20, 2015","8.55","8.55","8.55","8.55","0.92K","-2.06%"
"Nov 11, 2015","8.73","8.73","8.73","8.73","0.28K","-2.13%"
"Nov 06, 2015","8.92","8.92","8.92","8.92","0.10K","-3.25%"
"Nov 04, 2015","9.22","9.22","9.22","9.22","0.28K","4.77%"
"Nov 03, 2015","8.80","8.82","8.82","8.80","1.00K","0.34%"
"Oct 30, 2015","8.77","8.77","8.77","8.77","0.23K","0.00%"
"Oct 27, 2015","8.77","8.77","8.77","8.77","0.11K","0.11%"
"Oct 26, 2015","8.76","9.01","9.01","8.76","1.22K","0.00%"
"Oct 19, 2015","8.76","8.77","8.79","8.76","2.03K","-2.45%"
"Oct 16, 2015","8.98","8.98","8.98","8.98","0.60K","-0.77%"
"Oct 15, 2015","9.05","9.18","9.18","9.05","3.35K","-3.42%"
"Oct 09, 2015","9.37","9.39","9.39","9.37","1.00K","2.74%"
"Oct 08, 2015","9.12","8.94","9.12","8.94","0.80K","2.24%"
"Oct 07, 2015","8.92","8.92","8.92","8.92","0.30K","4.69%"
"Oct 01, 2015","8.52","8.52","8.52","8.52","0.16K","8.81%"
"Sep 28, 2015","7.83","7.83","7.83","7.83","0.35K","-5.78%"
"Sep 24, 2015","8.31","8.31","8.31","8.31","0.25K","-9.67%"
"Sep 18, 2015","9.20","9.20","9.20","9.20","0.38K","0.55%"
"Sep 17, 2015","9.15","9.18","9.18","9.12","348.70K","6.27%"
"Sep 16, 2015","8.61","8.61","8.61","8.61","0.85K","0.47%"
"Sep 15, 2015","8.57","8.57","8.57","8.57","0.70K","4.64%"
"Sep 11, 2015","8.19","8.36","8.36","8.16","1.40K","5.13%"
"Sep 09, 2015","7.79","8.10","8.10","7.79","0.86K","-3.23%"
"Sep 08, 2015","8.05","8.05","8.05","8.05","3.78K","-0.49%"
"Sep 04, 2015","8.09","8.08","8.09","8.08","0.35K","-0.37%"
"Sep 01, 2015","8.12","8.21","8.21","8.12","3.80K","0.87%"
"Aug 28, 2015","8.05","8.05","8.05","8.04","1.00K","-3.13%"
"Aug 25, 2015","8.31","8.31","8.31","8.31","0.10K","5.19%"
"Aug 24, 2015","7.90","8.47","8.47","7.90","0.30K","-7.17%"
"Aug 21, 2015","8.51","8.49","8.52","8.49","0.45K","-2.74%"
"Aug 17, 2015","8.75","8.87","8.87","8.75","19.05K","-4.06%"
"Aug 14, 2015","9.12","9.21","9.23","9.08","3.55K","-3.80%"
"Aug 12, 2015","9.48","9.78","9.78","9.48","8.20K","-3.07%"
"Aug 11, 2015","9.78","9.78","9.78","9.78","1.20K","-1.91%"
"Aug 07, 2015","9.97","10.17","10.17","9.97","8.80K","-5.32%"
"Jul 31, 2015","10.53","10.53","10.53","10.53","0.90K","0.96%"
"Jul 29, 2015","10.43","10.43","10.43","10.43","0.30K","-0.67%"
"Jul 27, 2015","10.50","10.50","10.50","10.50","0.20K","-3.49%"
"Jul 21, 2015","10.88","10.88","10.88","10.88","0.50K","1.02%"
"Jul 20, 2015","10.77","10.77","10.77","10.77","1.00K","-2.62%"
"Jul 16, 2015","11.06","11.03","11.06","11.02","1.18K","3.95%"
"Jul 15, 2015","10.64","10.97","10.97","10.64","0.91K","-0.84%"
"Jul 14, 2015","10.73","10.65","10.73","10.61","1.75K","-1.29%"
"Jul 13, 2015","10.87","10.87","10.87","10.87","0.10K","-0.18%"
"Jul 10, 2015","10.89","10.90","10.90","10.89","0.20K","0.74%"
"Jul 09, 2015","10.81","10.81","10.81","10.81","0.12K","2.27%"
"Jul 07, 2015","10.57","10.57","10.57","10.57","1.81K","-2.94%"
"Jul 01, 2015","10.89","10.89","10.89","10.89","0.25K","0.46%"
"Jun 24, 2015","10.84","10.82","10.84","10.82","1.10K","-0.55%"
"Jun 22, 2015","10.90","10.95","10.95","10.90","30.05K","-0.46%"
"Jun 19, 2015","10.95","10.95","10.95","10.95","8.45K","-0.64%"
"Jun 16, 2015","11.02","11.02","11.02","11.02","0.15K","-0.81%"
"Jun 12, 2015","11.11","11.11","11.11","11.11","0.36K","0.45%"
"Jun 11, 2015","11.06","11.06","11.06","11.06","0.20K","0.64%"
"Jun 08, 2015","10.99","10.82","10.99","10.82","1.27K","-1.52%"
"Jun 05, 2015","11.16","11.15","11.16","11.15","0.89K","-2.11%"
"Jun 03, 2015","11.40","11.38","11.45","11.38","7.79K","-0.44%"
"Jun 02, 2015","11.45","11.45","11.45","11.45","1.26K","-0.35%"
"Jun 01, 2015","11.49","11.52","11.52","11.49","1.01K","-2.05%"
"May 29, 2015","11.73","11.58","11.73","11.58","1.85K","-0.09%"
"May 28, 2015","11.74","11.74","11.74","11.74","0.50K","-2.17%"
"May 27, 2015","12.00","12.00","12.00","12.00","1.30K","-0.58%"
"May 26, 2015","12.07","12.06","12.07","11.99","1.85K","-1.71%"
"May 21, 2015","12.28","12.28","12.28","12.28","0.85K","-3.46%"
"May 18, 2015","12.72","12.72","12.72","12.72","0.10K","1.19%"
"May 15, 2015","12.57","12.53","12.57","12.53","0.26K","-2.56%"
"May 14, 2015","12.90","12.74","12.90","12.74","1.73K","5.56%"
"May 12, 2015","12.22","12.22","12.22","12.22","0.18K","0.41%"
"May 11, 2015","12.17","12.27","12.34","12.17","5.48K","-2.56%"
"May 06, 2015","12.49","12.49","12.49","12.49","9.20K","3.57%"
"May 05, 2015","12.06","12.20","12.20","12.06","0.23K","-1.95%"
"May 01, 2015","12.30","12.30","12.30","12.30","0.50K","1.57%"
"Apr 30, 2015","12.11","12.38","12.38","12.11","0.69K","-4.12%"
"Apr 29, 2015","12.63","12.63","12.63","12.63","0.10K","0.08%"
"Apr 28, 2015","12.62","12.62","12.62","12.62","0.45K","-0.47%"
"Apr 24, 2015","12.68","12.72","12.72","12.68","0.75K","-0.08%"
"Apr 23, 2015","12.69","12.45","12.69","12.45","0.57K","0.87%"
"Apr 22, 2015","12.58","12.58","12.58","12.58","6.64K","1.04%"
"Apr 21, 2015","12.45","12.46","12.46","12.40","1.08K","3.75%"
"Apr 20, 2015","12.00","12.00","12.00","12.00","0.28K","0.59%"
"Apr 17, 2015","11.93","11.93","11.93","11.93","0.20K","-0.33%"
"Apr 16, 2015","11.97","12.11","12.11","11.97","3.50K","1.01%"
"Apr 15, 2015","11.85","11.85","11.85","11.85","0.22K","-0.84%"
"Apr 14, 2015","11.95","12.00","12.00","11.95","0.30K","-1.65%"
"Apr 13, 2015","12.15","12.15","12.15","12.15","0.10K","-2.33%"
"Apr 10, 2015","12.44","12.44","12.44","12.44","2.90K","-1.27%"
"Apr 09, 2015","12.60","12.60","12.60","12.60","2.46K","0.80%"
"Apr 07, 2015","12.50","12.51","12.51","12.50","1.17K","2.04%"
"Apr 06, 2015","12.25","12.33","12.35","12.25","2.25K","4.34%"
"Apr 01, 2015","11.74","11.70","11.74","11.70","0.87K","-3.77%"
"Mar 31, 2015","12.20","12.20","12.20","12.20","0.14K","0.58%"
"Mar 26, 2015","12.13","11.77","12.13","11.42","8.25K","3.23%"
"Mar 24, 2015","11.75","11.75","11.75","11.75","1.00K","3.07%"
"Mar 23, 2015","11.40","11.40","11.40","11.13","0.96K","-0.87%"
"Mar 19, 2015","11.50","11.46","11.50","11.46","0.85K","3.14%"
"Mar 16, 2015","11.15","11.15","11.15","11.15","0.68K","-0.89%"
"Mar 13, 2015","11.25","11.25","11.25","11.25","0.26K","2.46%"
"Mar 11, 2015","10.98","11.13","11.13","10.98","0.95K","-1.96%"
"Mar 10, 2015","11.20","11.27","11.31","11.20","2.15K","-2.86%"
"Mar 09, 2015","11.53","11.47","11.53","11.47","0.30K","0.26%"
"Mar 06, 2015","11.50","11.50","11.50","11.50","0.26K","-2.79%"
"Mar 05, 2015","11.83","11.83","11.83","11.83","1.71K","-1.42%"
"Mar 04, 2015","12.00","12.00","12.02","12.00","6.14K","-1.88%"
"Mar 03, 2015","12.23","12.37","12.37","12.23","0.20K","-2.08%"
"Mar 02, 2015","12.49","12.34","12.49","12.14","8.53K","0.81%"
"Feb 27, 2015","12.39","12.39","12.39","12.39","4.65K","-1.82%"
"Feb 26, 2015","12.62","12.58","12.62","12.58","1.65K","2.19%"
"Feb 24, 2015","12.35","12.53","12.55","12.35","6.08K","2.83%"
"Feb 20, 2015","12.01","12.01","12.01","12.01","0.10K","-0.83%"
"Feb 19, 2015","12.11","12.00","12.11","12.00","0.63K","-0.25%"
"Feb 18, 2015","12.14","12.08","12.14","12.08","0.39K","0.00%"
"Feb 17, 2015","12.14","12.14","12.14","12.14","0.26K","0.33%"
"Feb 13, 2015","12.10","12.08","12.10","12.08","0.85K","0.41%"
"Feb 12, 2015","12.05","12.05","12.08","12.01","1.75K","-0.41%"
"Feb 11, 2015","12.10","12.25","12.26","12.10","0.41K","-0.74%"
"Feb 09, 2015","12.19","12.19","12.19","12.19","0.20K","-0.89%"
"Feb 06, 2015","12.30","12.40","12.51","12.30","3.73K","-0.49%"
"Feb 05, 2015","12.36","12.34","12.36","12.32","176.54K","0.57%"
"Feb 04, 2015","12.29","12.29","12.29","12.29","166.02K","1.24%"
"Feb 03, 2015","12.14","12.14","12.14","12.14","1.20K","-0.90%"
"Feb 02, 2015","12.25","12.12","12.25","12.12","2.70K","0.33%"
"Jan 30, 2015","12.21","12.21","12.21","12.21","0.93K","-0.81%"
"Jan 29, 2015","12.31","12.41","12.43","12.22","2.75K","1.48%"
"Jan 28, 2015","12.13","12.13","12.13","12.13","0.24K","-1.14%"
"Jan 26, 2015","12.27","12.01","12.27","12.01","2.18K","-0.57%"
"Jan 23, 2015","12.34","12.35","12.35","12.33","0.73K","1.31%"
"Jan 22, 2015","12.18","11.98","12.18","11.98","0.78K","2.44%"
"Jan 21, 2015","11.89","11.73","11.89","11.73","0.81K","2.41%"
"Jan 20, 2015","11.61","11.51","11.61","11.51","1.21K","-0.85%"
"Jan 16, 2015","11.71","11.88","11.88","11.71","0.65K","-0.85%"
"Jan 15, 2015","11.81","11.81","11.81","11.81","1.12K","-1.50%"
"Jan 14, 2015","11.99","11.99","11.99","11.99","0.10K","-1.96%"
"Jan 13, 2015","12.23","12.23","12.23","12.23","0.41K","0.58%"
"Jan 12, 2015","12.16","12.11","12.21","12.11","0.94K","0.41%"
"Jan 09, 2015","12.11","12.11","12.11","12.11","0.39K","-0.90%"
"Jan 08, 2015","12.22","12.22","12.22","12.22","0.40K","1.83%"
"Jan 07, 2015","12.00","11.90","12.00","11.90","0.69K","2.39%"
"Jan 06, 2015","11.72","11.80","11.80","11.71","2.36K","-3.54%"
"Jan 05, 2015","12.15","12.07","12.26","12.07","0.56K","-3.72%"
"Jan 02, 2015","12.62","12.62","12.62","12.62","0.50K","-1.33%"
"Dec 31, 2014","12.79","12.79","12.79","12.72","3.36K","0.00%"
"Dec 30, 2014","12.79","12.79","12.79","12.79","0.13K","-0.78%"
"Dec 29, 2014","12.89","12.89","12.89","12.89","0.24K","0.39%"
"Dec 26, 2014","12.84","12.89","12.89","12.80","0.50K","-0.08%"
"Dec 24, 2014","12.85","12.77","12.85","12.77","2.03K","0.39%"
"Dec 23, 2014","12.80","13.06","13.06","12.80","0.89K","-0.70%"
"Dec 22, 2014","12.89","12.80","13.04","12.74","1.05K","-1.07%"
"Dec 19, 2014","13.03","12.91","13.03","12.90","1.20K","2.92%"
"Dec 18, 2014","12.66","12.66","12.66","12.66","11.06K","1.69%"
"Dec 17, 2014","12.45","12.45","12.45","12.45","0.89K","-1.03%"
"Dec 15, 2014","12.58","12.56","12.59","12.56","1.85K","-1.49%"
"Dec 12, 2014","12.77","12.77","12.77","12.77","0.37K","-0.23%"
"Dec 11, 2014","12.80","12.80","12.80","12.80","0.22K","-1.31%"
"Dec 10, 2014","12.97","12.96","12.97","12.96","0.91K","1.09%"
"Dec 09, 2014","12.83","12.93","12.93","12.82","5.46K","-1.53%"
"Dec 05, 2014","13.03","13.03","13.03","13.03","1.11K","-2.83%"
"Dec 04, 2014","13.41","13.46","13.46","13.28","0.86K","-0.52%"
"Dec 03, 2014","13.48","13.47","13.50","13.47","2.26K","-2.95%"
"Dec 02, 2014","13.89","13.89","13.89","13.89","0.25K","3.12%"
"Dec 01, 2014","13.47","13.45","13.55","13.45","0.62K","-2.32%"
"Nov 28, 2014","13.79","13.79","13.79","13.79","0.14K","1.25%"
"Nov 25, 2014","13.62","13.62","13.62","13.62","4.21K","-3.75%"
"Nov 24, 2014","14.15","14.12","14.15","14.11","2.70K","0.21%"
"Nov 21, 2014","14.12","14.19","14.19","14.00","2.07K","1.95%"
"Nov 19, 2014","13.85","13.85","13.85","13.85","-","2.97%"
"Nov 18, 2014","13.45","13.45","13.45","13.43","0.85K","-1.03%"
"Nov 17, 2014","13.59","13.54","13.59","13.54","0.71K","-2.44%"
"Nov 14, 2014","13.93","13.93","13.93","13.93","0.38K","1.68%"
"Nov 12, 2014","13.70","13.70","13.70","13.70","0.22K","-1.15%"
"Nov 11, 2014","13.86","13.84","13.86","13.84","1.10K","-2.74%"
"Nov 07, 2014","14.25","14.14","14.25","14.14","1.14K","-1.38%"
"Nov 06, 2014","14.45","14.45","14.45","14.45","0.23K","0.49%"
"Nov 04, 2014","14.38","14.38","14.38","14.38","3.90K","-5.02%"
"Oct 31, 2014","15.14","15.14","15.14","15.14","0.15K","5.65%"
"Oct 28, 2014","14.33","14.33","14.33","14.33","0.25K","-0.35%"
"Oct 27, 2014","14.38","14.38","14.38","14.38","0.10K","0.77%"
"Oct 24, 2014","14.27","14.27","14.27","14.27","0.17K","-0.42%"
"Oct 23, 2014","14.33","14.08","14.33","14.08","2.54K","4.60%"
"Oct 17, 2014","13.70","14.03","14.03","13.70","1.75K","-0.22%"
"Oct 16, 2014","13.73","13.42","13.73","13.42","1.13K","-0.72%"
"Oct 15, 2014","13.83","13.83","13.83","13.83","0.39K","-0.50%"
"Oct 14, 2014","13.90","13.88","13.90","13.88","0.90K","-2.59%"
"Oct 10, 2014","14.27","14.27","14.27","14.27","1.53K","0.92%"
"Oct 09, 2014","14.14","14.14","14.14","14.14","0.68K","-0.91%"
"Oct 08, 2014","14.27","14.27","14.27","14.27","0.17K","-2.19%"
"Oct 07, 2014","14.59","14.56","14.59","14.51","4.72K","-0.95%"
"Oct 06, 2014","14.73","14.69","14.73","14.69","0.52K","1.87%"
"Oct 02, 2014","14.46","14.46","14.46","14.46","0.10K","1.05%"
"Oct 01, 2014","14.31","14.44","14.44","14.31","0.25K","-2.59%"
"Sep 30, 2014","14.69","14.48","14.69","14.31","1.19K","2.73%"
"Sep 29, 2014","14.30","14.30","14.30","14.30","0.10K","-0.07%"
"Sep 26, 2014","14.31","14.31","14.31","14.31","0.68K","-0.42%"
"Sep 25, 2014","14.37","14.32","14.37","14.32","0.54K","-3.56%"
"Sep 18, 2014","14.90","14.65","14.90","14.65","0.25K","3.47%"
"Sep 17, 2014","14.40","14.40","14.40","14.40","1.00K","-0.96%"
"Sep 16, 2014","14.54","14.54","14.54","14.54","1.44K","0.62%"
"Sep 15, 2014","14.45","14.45","14.45","14.45","0.16K","-5.25%"
"Sep 09, 2014","15.25","15.25","15.25","15.25","0.22K","-0.91%"
"Sep 08, 2014","15.39","15.15","15.39","15.15","4.75K","1.52%"
"Sep 05, 2014","15.16","15.16","15.16","15.16","0.54K","-1.56%"
"Sep 04, 2014","15.40","15.23","15.40","15.23","0.80K","0.79%"
"Sep 03, 2014","15.28","15.28","15.28","15.28","0.21K","0.20%"
"Aug 29, 2014","15.25","15.25","15.25","15.25","0.97K","1.06%"
"Aug 28, 2014","15.09","15.09","15.09","15.09","2.94K","-0.79%"
"Aug 25, 2014","15.21","15.21","15.21","15.21","0.22K","-0.98%"
"Aug 22, 2014","15.36","15.36","15.41","15.36","9.22K","-0.65%"
"Aug 19, 2014","15.46","15.46","15.46","15.46","0.33K","-1.72%"
"Aug 18, 2014","15.73","15.73","15.73","15.73","0.19K","1.09%"
"Aug 15, 2014","15.56","15.56","15.56","15.56","2.03K","0.39%"
"Aug 14, 2014","15.50","15.50","15.50","15.50","2.00K","-0.39%"
"Aug 13, 2014","15.56","15.50","15.56","15.49","0.65K","1.24%"
"Aug 12, 2014","15.37","15.45","15.45","15.37","2.17K","-1.22%"
"Aug 11, 2014","15.56","15.26","15.56","15.26","1.86K","0.00%"
"Aug 06, 2014","15.56","15.56","15.56","15.56","0.40K","1.83%"
"Aug 05, 2014","15.28","15.28","15.28","15.28","0.17K","-1.80%"
"Aug 04, 2014","15.56","15.39","15.56","15.39","0.30K","2.71%"
"Aug 01, 2014","15.15","15.15","15.15","15.15","0.33K","-2.26%"
"Jul 31, 2014","15.50","15.50","15.50","15.50","0.26K","-0.32%"
"Jul 30, 2014","15.55","15.42","15.55","15.40","12.33K","0.58%"
"Jul 29, 2014","15.46","15.41","15.46","15.41","0.52K","-1.47%"
"Jul 28, 2014","15.69","15.69","15.69","15.69","0.13K","-0.13%"
"Jul 22, 2014","15.71","15.71","15.71","15.71","0.23K","1.95%"
"Jul 18, 2014","15.41","15.39","15.41","15.39","0.95K","-0.84%"
"Jul 16, 2014","15.54","15.54","15.54","15.54","0.51K","0.32%"
"Jul 15, 2014","15.49","15.30","15.49","15.30","1.16K","-2.02%"
"Jul 07, 2014","15.81","15.81","15.81","15.81","0.12K","-0.50%"
"Jul 03, 2014","15.89","15.89","15.89","15.89","0.27K","1.99%"
"Jul 02, 2014","15.58","15.58","15.58","15.58","0.30K","0.00%"
"Jul 01, 2014","15.58","15.55","15.58","15.55","3.37K","0.84%"
"Jun 27, 2014","15.45","15.45","15.45","15.45","0.20K","0.32%"
"Jun 26, 2014","15.40","15.50","15.50","15.40","11.85K","0.72%"
"Jun 25, 2014","15.29","15.29","15.67","15.29","2.22K","-2.98%"
"Jun 24, 2014","15.76","15.76","15.76","15.76","0.39K","-0.94%"
"Jun 23, 2014","15.91","15.86","15.91","15.86","0.60K","1.40%"
"Jun 18, 2014","15.69","15.76","15.76","15.69","2.25K","0.00%"
"Jun 17, 2014","15.69","15.69","15.69","15.69","0.27K","-0.44%"
"Jun 16, 2014","15.76","15.75","15.76","15.75","0.88K","-0.94%"
"Jun 12, 2014","15.91","15.72","15.91","15.69","1.07K","1.34%"
"Jun 11, 2014","15.70","15.72","15.72","15.70","0.93K","-0.13%"
"Jun 10, 2014","15.72","15.65","15.72","15.60","0.30K","0.00%"
"Jun 09, 2014","15.72","15.47","15.72","15.47","0.33K","1.68%"
"Jun 06, 2014","15.46","15.47","15.47","15.46","0.43K","0.06%"
"Jun 05, 2014","15.45","15.47","15.47","15.45","2.20K","2.39%"
"Jun 02, 2014","15.09","15.09","15.09","15.09","0.88K","1.00%"
"May 30, 2014","14.94","15.30","15.30","14.94","0.88K","-2.48%"
"May 29, 2014","15.32","15.20","15.32","15.20","0.30K","0.79%"
"May 27, 2014","15.20","15.20","15.20","15.20","0.68K","0.00%"
"May 23, 2014","15.20","15.20","15.20","15.20","0.18K","0.60%"
"May 22, 2014","15.11","15.10","15.11","15.10","0.38K","-0.53%"
"May 20, 2014","15.19","15.25","15.35","15.19","3.82K","-0.07%"
"May 19, 2014","15.20","15.20","15.20","15.20","1.47K","0.33%"
"May 16, 2014","15.15","15.15","15.15","15.15","0.54K","0.33%"
"May 15, 2014","15.10","15.10","15.10","15.10","0.20K","0.67%"
"May 14, 2014","15.00","15.61","15.61","14.99","9.63K","-2.34%"
"May 13, 2014","15.36","15.36","15.36","15.36","0.80K","-0.07%"
"May 12, 2014","15.37","15.37","15.37","15.37","0.16K","0.65%"
"May 07, 2014","15.27","15.10","15.27","15.10","0.48K","1.13%"
"May 02, 2014","15.10","14.87","15.10","14.87","0.55K","1.55%"
"May 01, 2014","14.87","14.87","14.87","14.87","1.00K","0.61%"